word,lemma,part_of_speech,tag
AR,AR,PROPN,NNP
Advantage,Advantage,PROPN,NNP
Anchors,Anchors,PROPN,NNPS
Atmosphere,Atmosphere,PROPN,NNP
Audio,Audio,PROPN,NNP
Awards,Awards,PROPN,NNPS
Awards,Awards,PROPN,NNP
Breath,Breath,PROPN,NNP
Cues,Cues,PROPN,NNP
Dance,Dance,PROPN,NNP
Dance,Dance,PROPN,NNP
Design,Design,PROPN,NNP
Design,Design,PROPN,NNP
Design,Design,PROPN,NNP
Design,Design,PROPN,NNP
Design,Design,PROPN,NNP
Development,Development,PROPN,NNP
Different,Different,PROPN,NNP
Emotional,Emotional,PROPN,NNP
Emotional,Emotional,PROPN,NNP
Emotional,Emotional,PROPN,NNP
Engagement,Engagement,PROPN,NNP
Engagement,Engagement,PROPN,NNP
Enhanced,Enhanced,PROPN,NNP
Enhanced,Enhanced,PROPN,NNP
Enhancing,Enhancing,PROPN,NNP
Equipment,Equipment,PROPN,NNP
Evolution,Evolution,PROPN,NNP
Fantasy,Fantasy,PROPN,NNP
Focus,Focus,PROPN,NNP
Future,Future,PROPN,NNP
Game,Game,PROPN,NNP
Game,Game,PROPN,NNP
Game,Game,PROPN,NNP
Game,Game,PROPN,NNP
Game,Game,PROPN,NNP
Game,Game,PROPN,NNP
Gameplay,Gameplay,PROPN,NNP
Gameplay,Gameplay,PROPN,NNP
Gameplay,Gameplay,PROPN,NNP
Gameplay,Gameplay,PROPN,NNP
Games,Games,PROPN,NNPS
Games,Games,PROPN,NNPS
Gaming,Gaming,PROPN,NNP
Guitar,Guitar,PROPN,NNP
Hero,Hero,PROPN,NNP
Immersion,Immersion,PROPN,NNP
Implement,Implement,PROPN,NNP
Industry,Industry,PROPN,NNP
Influence,Influence,PROPN,NNP
Institute,Institute,PROPN,NNP
Invest,Invest,PROPN,NNP
Legend,Legend,PROPN,NNP
MIT,MIT,PROPN,NNP
Massachusetts,Massachusetts,PROPN,NNP
Mechanic,Mechanic,PROPN,NNP
Mechanics,Mechanics,PROPN,NNPS
Music,Music,PROPN,NNP
Music,Music,PROPN,NNP
Music,Music,PROPN,NNP
Music,Music,PROPN,NNP
Music,Music,PROPN,NNP
Music,Music,PROPN,NNP
Narrative,Narrative,PROPN,NNP
Orchestra,Orchestra,PROPN,NNP
Outstanding,Outstanding,PROPN,NNP
Platforms,Platforms,PROPN,NNPS
Player,Player,PROPN,NNP
Player,Player,PROPN,NNP
Potential,Potential,PROPN,NNP
Power,Power,PROPN,NNP
Power,Power,PROPN,NNP
Power,Power,PROPN,NNP
Power,Power,PROPN,NNP
Quality,Quality,PROPN,NNP
Reality,Reality,PROPN,NNP
Recognition,Recognition,PROPN,NNP
Remake,Remake,PROPN,NNP
Revolution,Revolution,PROPN,NNP
Rhythm,Rhythm,PROPN,NNP
Role,Role,PROPN,NNP
Role,Role,PROPN,NNP
Sound,Sound,PROPN,NNP
Sound,Sound,PROPN,NNP
Sound,Sound,PROPN,NNP
Sound,Sound,PROPN,NNP
Sound,Sound,PROPN,NNP
Sound,Sound,PROPN,NNP
Sound,Sound,PROPN,NNP
Sound,Sound,PROPN,NNP
Sound,Sound,PROPN,NNP
Sounds,Sounds,PROPN,NNPS
Soundtrack,Soundtrack,PROPN,NNP
Soundtracks,Soundtracks,PROPN,NNPS
Stimulation,Stimulation,PROPN,NNP
Symphony,Symphony,PROPN,NNP
Technology,Technology,PROPN,NNP
Technology,Technology,PROPN,NNP
Trends,Trends,PROPN,NNPS
True,True,PROPN,NNP
University,University,PROPN,NNP
VII,VII,PROPN,NNP
VR,VR,PROPN,NNP
VR,VR,PROPN,NNP
VR,VR,PROPN,NNP
Video,Video,PROPN,NNP
Video,Video,PROPN,NNP
Video,Video,PROPN,NNP
Video,Video,PROPN,NNP
Video,Video,PROPN,NNP
Video,Video,PROPN,NNP
Wild,Wild,PROPN,NNP
York,York,PROPN,NNP
Zelda,Zelda,PROPN,NNP
a,a,DET,DT
a,a,DET,DT
a,a,DET,DT
a,a,DET,DT
a,a,DET,DT
a,a,DET,DT
a,a,DET,DT
a,a,DET,DT
a,a,DET,DT
a,a,DET,DT
a,a,DET,DT
a,a,DET,DT
a,a,DET,DT
a,a,DET,DT
a,a,DET,DT
a,a,DET,DT
a,a,DET,DT
a,a,DET,DT
a,a,DET,DT
a,a,DET,DT
a,a,DET,DT
a,a,DET,DT
a,a,DET,DT
a,a,DET,DT
a,a,DET,DT
a,a,DET,DT
a,a,DET,DT
a,a,DET,DT
a,a,DET,DT
a,a,DET,DT
a,a,DET,DT
a,a,DET,DT
a,a,DET,DT
a,a,DET,DT
a,a,DET,DT
a,a,DET,DT
a,a,DET,DT
a,a,DET,DT
a,a,DET,DT
a,a,DET,DT
a,a,DET,DT
a,a,DET,DT
a,a,DET,DT
a,a,DET,DT
a,a,DET,DT
a,a,DET,DT
a,a,DET,DT
a,a,DET,DT
a,a,DET,DT
a,a,DET,DT
a,a,DET,DT
a,a,DET,DT
a,a,DET,DT
a,a,DET,DT
a,a,DET,DT
a,a,DET,DT
a,a,DET,DT
a,a,DET,DT
a,a,DET,DT
a,a,DET,DT
a,a,DET,DT
a,a,DET,DT
a,a,DET,DT
a,a,DET,DT
a,a,DET,DT
abilities,ability,NOUN,NNS
ability,ability,NOUN,NN
ability,ability,NOUN,NN
ability,ability,NOUN,NN
ability,ability,NOUN,NN
about,about,ADP,IN
access,access,VERB,VB
accessibility,accessibility,NOUN,NN
acclaim,acclaim,NOUN,NN
accompany,accompany,VERB,VB
accompanying,accompany,VERB,VBG
accomplishment,accomplishment,NOUN,NN
according,accord,VERB,VBG
accordingly,accordingly,ADV,RB
achievement,achievement,NOUN,NN
achievements,achievement,NOUN,NNS
acting,acting,NOUN,NN
action,action,NOUN,NN
actions,action,NOUN,NNS
actions,action,NOUN,NNS
actions,action,NOUN,NNS
actions,action,NOUN,NNS
actions,action,NOUN,NNS
actors,actor,NOUN,NNS
acts,act,VERB,VBZ
adapt,adapt,VERB,VB
adapt,adapt,VERB,VBP
adaptive,adaptive,ADJ,JJ
adaptive,adaptive,ADJ,JJ
adaptive,adaptive,ADJ,JJ
add,add,VERB,VB
adding,add,VERB,VBG
adding,add,VERB,VBG
adding,add,VERB,VBG
adjustments,adjustment,NOUN,NNS
advanced,advanced,ADJ,JJ
advancements,advancement,NOUN,NNS
advancements,advancement,NOUN,NNS
advancements,advancement,NOUN,NNS
advances,advance,NOUN,NNS
advancing,advance,VERB,VBG
advent,advent,NOUN,NN
adventure,adventure,NOUN,NN
affect,affect,VERB,VB
after,after,SCONJ,IN
aid,aid,VERB,VBP
aids,aid,VERB,VBZ
alert,alert,ADJ,JJ
alert,alert,VERB,VB
alerting,alert,VERB,VBG
algorithms,algorithm,NOUN,NNS
algorithms,algorithm,NOUN,NNS
aligning,align,VERB,VBG
aligns,aligns,VERB,VBP
aligns,aligns,VERB,VBP
aligns,aligns,VERB,VBP
all,all,DET,DT
all,all,PRON,DT
allow,allow,VERB,VB
allowing,allow,VERB,VBG
allows,allow,VERB,VBZ
allows,allow,VERB,VBZ
also,also,ADV,RB
also,also,ADV,RB
also,also,ADV,RB
also,also,ADV,RB
ambient,ambient,NOUN,NN
ambient,ambient,NOUN,NN
amplify,amplify,VERB,VB
amplifying,amplify,VERB,VBG
amplifying,amplify,VERB,VBG
an,an,DET,DT
an,an,DET,DT
an,an,DET,DT
an,an,DET,DT
an,an,DET,DT
an,an,DET,DT
an,an,DET,DT
an,an,DET,DT
an,an,DET,DT
an,an,DET,DT
an,an,DET,DT
an,an,DET,DT
an,an,DET,DT
an,an,DET,DT
an,an,DET,DT
an,an,DET,DT
an,an,DET,DT
an,an,DET,DT
an,an,DET,DT
ancient,ancient,ADJ,JJ
and,and,CCONJ,CC
and,and,CCONJ,CC
and,and,CCONJ,CC
and,and,CCONJ,CC
and,and,CCONJ,CC
and,and,CCONJ,CC
and,and,CCONJ,CC
and,and,CCONJ,CC
and,and,CCONJ,CC
and,and,CCONJ,CC
and,and,CCONJ,CC
and,and,CCONJ,CC
and,and,CCONJ,CC
and,and,CCONJ,CC
and,and,CCONJ,CC
and,and,CCONJ,CC
and,and,CCONJ,CC
and,and,CCONJ,CC
and,and,CCONJ,CC
and,and,CCONJ,CC
and,and,CCONJ,CC
and,and,CCONJ,CC
and,and,CCONJ,CC
and,and,CCONJ,CC
and,and,CCONJ,CC
and,and,CCONJ,CC
and,and,CCONJ,CC
and,and,CCONJ,CC
and,and,CCONJ,CC
and,and,CCONJ,CC
and,and,CCONJ,CC
and,and,CCONJ,CC
and,and,CCONJ,CC
and,and,CCONJ,CC
and,and,CCONJ,CC
and,and,CCONJ,CC
and,and,CCONJ,CC
and,and,CCONJ,CC
and,and,CCONJ,CC
and,and,CCONJ,CC
and,and,CCONJ,CC
and,and,CCONJ,CC
and,and,CCONJ,CC
and,and,CCONJ,CC
and,and,CCONJ,CC
and,and,CCONJ,CC
and,and,CCONJ,CC
and,and,CCONJ,CC
and,and,CCONJ,CC
and,and,CCONJ,CC
and,and,CCONJ,CC
and,and,CCONJ,CC
and,and,CCONJ,CC
and,and,CCONJ,CC
and,and,CCONJ,CC
and,and,CCONJ,CC
and,and,CCONJ,CC
and,and,CCONJ,CC
and,and,CCONJ,CC
and,and,CCONJ,CC
and,and,CCONJ,CC
and,and,CCONJ,CC
and,and,CCONJ,CC
and,and,CCONJ,CC
and,and,CCONJ,CC
and,and,CCONJ,CC
and,and,CCONJ,CC
and,and,CCONJ,CC
and,and,CCONJ,CC
and,and,CCONJ,CC
and,and,CCONJ,CC
and,and,CCONJ,CC
and,and,CCONJ,CC
and,and,CCONJ,CC
and,and,CCONJ,CC
and,and,CCONJ,CC
and,and,CCONJ,CC
and,and,CCONJ,CC
and,and,CCONJ,CC
and,and,CCONJ,CC
and,and,CCONJ,CC
and,and,CCONJ,CC
and,and,CCONJ,CC
and,and,CCONJ,CC
and,and,CCONJ,CC
and,and,CCONJ,CC
and,and,CCONJ,CC
and,and,CCONJ,CC
and,and,CCONJ,CC
and,and,CCONJ,CC
and,and,CCONJ,CC
and,and,CCONJ,CC
and,and,CCONJ,CC
and,and,CCONJ,CC
and,and,CCONJ,CC
and,and,CCONJ,CC
and,and,CCONJ,CC
and,and,CCONJ,CC
and,and,CCONJ,CC
and,and,CCONJ,CC
and,and,CCONJ,CC
and,and,CCONJ,CC
animations,animation,NOUN,NNS
annual,annual,ADJ,JJ
anticipate,anticipate,VERB,VB
any,any,DET,DT
appreciate,appreciate,VERB,VB
appropriate,appropriate,ADJ,JJ
are,be,AUX,VBP
are,be,AUX,VBP
are,be,AUX,VBP
are,be,AUX,VBP
are,be,AUX,VBP
are,be,AUX,VBP
are,be,AUX,VBP
are,be,AUX,VBP
are,be,AUX,VBP
are,be,AUX,VBP
are,be,AUX,VBP
are,be,AUX,VBP
are,be,AUX,VBP
are,be,AUX,VBP
are,be,AUX,VBP
art,art,NOUN,NN
art,art,NOUN,NN
art,art,NOUN,NN
as,as,SCONJ,IN
as,as,ADP,IN
as,as,SCONJ,IN
as,as,ADP,IN
as,as,ADP,IN
as,as,ADP,IN
as,as,ADP,IN
as,as,SCONJ,IN
as,as,SCONJ,IN
as,as,ADP,IN
as,as,ADP,IN
aspect,aspect,NOUN,NN
aspects,aspect,NOUN,NNS
associated,associate,VERB,VBN
at,at,ADP,IN
at,at,ADP,IN
at,at,ADP,IN
atmosphere,atmosphere,NOUN,NN
atmosphere,atmosphere,NOUN,NN
atmosphere,atmosphere,NOUN,NN
atmosphere,atmosphere,NOUN,NN
atmosphere,atmosphere,NOUN,NN
attachment,attachment,NOUN,NN
attention,attention,NOUN,NN
attention,attention,NOUN,NN
audience,audience,NOUN,NN
audio,audio,NOUN,NN
audio,audio,ADJ,JJ
audio,audio,ADJ,JJ
audio,audio,ADJ,JJ
audio,audio,NOUN,NN
audio,audio,ADJ,JJ
audio,audio,NOUN,NN
audio,audio,ADJ,JJ
audio,audio,ADJ,JJ
audio,audio,NOUN,NN
audio,audio,ADJ,JJ
audio,audio,NOUN,NN
audio,audio,ADJ,JJ
audio,audio,ADJ,JJ
audio,audio,ADJ,JJ
audio,audio,ADJ,JJ
audio,audio,ADJ,JJ
audio,audio,ADJ,JJ
audio,audio,ADJ,JJ
audio,audio,ADJ,JJ
augmented,augment,VERB,VBD
augmented,augment,VERB,VBD
awards,award,NOUN,NNS
awards,award,NOUN,NNS
awe,awe,ADV,RB
back,back,ADV,RB
background,background,NOUN,NN
background,background,NOUN,NN
based,base,VERB,VBN
battle,battle,NOUN,NN
battle,battle,NOUN,NN
battle,battle,NOUN,NN
be,be,AUX,VB
be,be,AUX,VB
be,be,AUX,VB
be,be,AUX,VB
been,be,AUX,VBN
been,be,AUX,VBN
before,before,ADP,IN
behind,behind,ADP,IN
believability,believability,NOUN,NN
best,good,ADJ,JJS
between,between,ADP,IN
between,between,ADP,IN
between,between,ADP,IN
beyond,beyond,ADP,IN
beyond,beyond,ADP,IN
billion,billion,NUM,CD
bond,bond,NOUN,NN
bond,bond,NOUN,NN
boss,boss,NOUN,NN
boss,boss,NOUN,NN
boundaries,boundary,NOUN,NNS
boundaries,boundary,NOUN,NNS
boundaries,boundary,NOUN,NNS
bring,bring,VERB,VB
bring,bring,VERB,VB
build,build,VERB,VB
build,build,NOUN,NN
building,build,VERB,VBG
but,but,CCONJ,CC
but,but,CCONJ,CC
by,by,ADP,IN
by,by,ADP,IN
by,by,ADP,IN
by,by,ADP,IN
by,by,ADP,IN
by,by,ADP,IN
by,by,ADP,IN
by,by,ADP,IN
by,by,ADP,IN
by,by,ADP,IN
by,by,ADP,IN
by,by,ADP,IN
by,by,ADP,IN
by,by,ADP,IN
by,by,ADP,IN
by,by,ADP,IN
by,by,ADP,IN
can,can,AUX,MD
can,can,AUX,MD
can,can,AUX,MD
can,can,AUX,MD
can,can,AUX,MD
can,can,AUX,MD
can,can,AUX,MD
can,can,AUX,MD
can,can,AUX,MD
can,can,AUX,MD
can,can,AUX,MD
can,can,AUX,MD
can,can,AUX,MD
can,can,AUX,MD
can,can,AUX,MD
can,can,AUX,MD
can,can,AUX,MD
can,can,AUX,MD
can,can,AUX,MD
can,can,AUX,MD
can,can,AUX,MD
can,can,AUX,MD
can,can,AUX,MD
can,can,AUX,MD
can,can,AUX,MD
can,can,AUX,MD
can,can,AUX,MD
captivate,captivate,VERB,VBP
captivating,captivating,ADJ,JJ
capture,capture,VERB,VBP
capturing,capture,VERB,VBG
carefully,carefully,ADV,RB
carefully,carefully,ADV,RB
category,category,NOUN,NN
cavern,cavern,NOUN,NN
celebrating,celebrate,VERB,VBG
cementing,cement,VERB,VBG
certain,certain,ADJ,JJ
certain,certain,ADJ,JJ
challenges,challenge,NOUN,NNS
character,character,NOUN,NN
character,character,NOUN,NN
characters,character,NOUN,NNS
characters,character,NOUN,NNS
characters,character,NOUN,NNS
choose,choose,VERB,VB
choosing,choose,VERB,VBG
closely,closely,ADV,RB
closely,closely,ADV,RB
closer,close,ADJ,JJR
clues,clue,NOUN,NNS
cognitive,cognitive,ADJ,JJ
cognitive,cognitive,ADJ,JJ
cohesive,cohesive,ADJ,JJ
cohesive,cohesive,ADJ,JJ
coins,coin,NOUN,NNS
collaborate,collaborate,VERB,VB
collaborate,collaborate,VERB,VB
collaborations,collaboration,NOUN,NNS
comes,come,VERB,VBZ
coming,come,VERB,VBG
complements,complement,VERB,VBZ
complexity,complexity,NOUN,NN
component,component,NOUN,NN
compose,compose,VERB,VBP
composed,compose,VERB,VBN
composers,composer,NOUN,NNS
composers,composer,NOUN,NNS
composers,composer,NOUN,NNS
composers,composer,NOUN,NNS
concentration,concentration,NOUN,NN
conclusion,conclusion,NOUN,NN
conduct,conduct,VERB,VB
conducted,conduct,VERB,VBN
conducted,conduct,VERB,VBN
conducted,conduct,VERB,VBN
connect,connect,VERB,VB
connection,connection,NOUN,NN
connection,connection,NOUN,NN
connection,connection,NOUN,NN
connection,connection,NOUN,NN
connection,connection,NOUN,NN
connection,connection,NOUN,NN
consider,consider,VERB,VB
consider,consider,VERB,VB
consistent,consistent,ADJ,JJ
continue,continue,VERB,VB
continue,continue,VERB,VB
continue,continue,VERB,VBP
continues,continue,VERB,VBZ
continues,continue,VERB,VBZ
continuously,continuously,ADV,RB
contrast,contrast,NOUN,NN
contribute,contribute,VERB,VBP
contributes,contribute,VERB,VBZ
contributes,contribute,VERB,VBZ
contributes,contribute,VERB,VBZ
contributions,contribution,NOUN,NNS
create,create,NOUN,NN
create,create,VERB,VB
create,create,VERB,VB
create,create,VERB,VB
create,create,VERB,VB
create,create,VERB,VB
create,create,VERB,VB
create,create,VERB,VB
create,create,VERB,VB
create,create,VERB,VBP
create,create,VERB,VB
create,create,VERB,VBP
create,create,VERB,VB
create,create,VERB,VB
create,create,VERB,VB
create,create,VERB,VB
created,create,VERB,VBN
created,create,VERB,VBN
creates,create,VERB,VBZ
creates,create,VERB,VBZ
creates,create,VERB,VBZ
creating,create,VERB,VBG
creating,create,VERB,VBG
creating,create,VERB,VBG
creating,create,VERB,VBG
creating,create,VERB,VBG
creating,create,VERB,VBG
creating,create,VERB,VBG
creating,create,VERB,VBG
creating,create,VERB,VBG
creating,create,VERB,VBG
creation,creation,NOUN,NN
creative,creative,ADJ,JJ
creativity,creativity,NOUN,NN
critical,critical,ADJ,JJ
critical,critical,ADJ,JJ
crucial,crucial,ADJ,JJ
crucial,crucial,ADJ,JJ
crucial,crucial,ADJ,JJ
crucial,crucial,ADJ,JJ
crucial,crucial,ADJ,JJ
crucial,crucial,ADJ,JJ
cues,cue,NOUN,NNS
cues,cue,NOUN,NNS
cues,cue,NOUN,NNS
cues,cue,NOUN,NNS
cues,cue,NOUN,NNS
cues,cue,NOUN,NNS
cues,cue,NOUN,NNS
cutscene,cutscene,NOUN,NN
cutting,cutting,NOUN,NN
danger,danger,NOUN,NN
dangers,danger,NOUN,NNS
decisions,decision,NOUN,NNS
dedicated,dedicated,ADJ,JJ
dedicated,dedicate,VERB,VBN
deep,deep,ADJ,JJ
deepen,deepen,VERB,VB
deepen,deepen,VERB,VB
deepening,deepen,VERB,VBG
deeper,deeply,ADV,RBR
deeper,deep,ADJ,JJR
depth,depth,NOUN,NN
design,design,NOUN,NN
design,design,NOUN,NN
design,design,NOUN,NN
design,design,NOUN,NN
design,design,NOUN,NN
design,design,NOUN,NN
design,design,NOUN,NN
design,design,NOUN,NN
design,design,NOUN,NN
design,design,NOUN,NN
design,design,NOUN,NN
design,design,NOUN,NN
design,design,NOUN,NN
design,design,NOUN,NN
design,design,NOUN,NN
design,design,NOUN,NN
design,design,NOUN,NN
design,design,NOUN,NN
design,design,NOUN,NN
design,design,NOUN,NN
design,design,NOUN,NN
design,design,NOUN,NN
design,design,NOUN,NN
design,design,NOUN,NN
design,design,NOUN,NN
design,design,NOUN,NN
design,design,NOUN,NN
design,design,NOUN,NN
design,design,NOUN,NN
design,design,NOUN,NN
design,design,NOUN,NN
design,design,NOUN,NN
design,design,NOUN,NN
designed,design,VERB,VBN
designers,designer,NOUN,NNS
designers,designer,NOUN,NNS
designers,designer,NOUN,NNS
designers,designer,NOUN,NNS
designers,designer,NOUN,NNS
designers,designer,NOUN,NNS
designers,designer,NOUN,NNS
designers,designer,NOUN,NNS
designers,designer,NOUN,NNS
designing,design,VERB,VBG
detailed,detailed,ADJ,JJ
developer,developer,NOUN,NN
developers,developer,NOUN,NNS
developers,developer,NOUN,NNS
developers,developer,NOUN,NNS
developers,developer,NOUN,NNS
developers,developer,NOUN,NNS
developers,developer,NOUN,NNS
developers,developer,NOUN,NNS
developers,developer,NOUN,NNS
developers,developer,NOUN,NNS
developers,developer,NOUN,NNS
developers,developer,NOUN,NNS
developers,developer,NOUN,NNS
developers,developer,NOUN,NNS
developers,developer,NOUN,NNS
developers,developer,NOUN,NNS
developers,developer,NOUN,NNS
development,development,NOUN,NN
development,development,NOUN,NN
development,development,NOUN,NN
development,development,NOUN,NN
development,development,NOUN,NN
devices,device,NOUN,NNS
different,different,ADJ,JJ
different,different,ADJ,JJ
different,different,ADJ,JJ
different,different,ADJ,JJ
different,different,ADJ,JJ
dimensions,dimension,NOUN,NNS
distinct,distinct,ADJ,JJ
distinctive,distinctive,ADJ,JJ
dive,dive,VERB,VB
diversity,diversity,NOUN,NN
drives,drive,VERB,VBZ
during,during,ADP,IN
during,during,ADP,IN
during,during,ADP,IN
during,during,ADP,IN
dynamic,dynamic,ADJ,JJ
dynamic,dynamic,ADJ,JJ
dynamic,dynamic,ADJ,JJ
easy,easy,ADJ,JJ
echoes,echo,NOUN,NNS
edge,edge,NOUN,NN
edit,edit,VERB,VB
editing,editing,NOUN,NN
editing,editing,NOUN,NN
effective,effective,ADJ,JJ
effective,effective,ADJ,JJ
effectively,effectively,ADV,RB
effects,effect,NOUN,NNS
effects,effect,NOUN,NNS
effects,effect,NOUN,NNS
effects,effect,NOUN,NNS
effects,effect,NOUN,NNS
elements,element,NOUN,NNS
elements,element,NOUN,NNS
elements,element,NOUN,NNS
elements,element,NOUN,NNS
elements,element,NOUN,NNS
elements,element,NOUN,NNS
elements,element,NOUN,NNS
elements,element,NOUN,NNS
elevate,elevate,VERB,VB
elevate,elevate,VERB,VBP
elevate,elevate,VERB,VB
embark,embark,VERB,VBP
embracing,embrace,VERB,VBG
emotion,emotion,NOUN,NN
emotional,emotional,ADJ,JJ
emotional,emotional,ADJ,JJ
emotional,emotional,ADJ,JJ
emotional,emotional,ADJ,JJ
emotional,emotional,ADJ,JJ
emotional,emotional,ADJ,JJ
emotional,emotional,ADJ,JJ
emotional,emotional,ADJ,JJ
emotional,emotional,ADJ,JJ
emotional,emotional,ADJ,JJ
emotional,emotional,ADJ,JJ
emotionally,emotionally,ADV,RB
emotions,emotion,NOUN,NNS
emotions,emotion,NOUN,NNS
emotions,emotion,NOUN,NNS
emotions,emotion,NOUN,NNS
emotions,emotion,NOUN,NNS
emotions,emotion,NOUN,NNS
emotions,emotion,NOUN,NNS
emotions,emotion,NOUN,NNS
emotions,emotion,NOUN,NNS
emotions,emotion,NOUN,NNS
emotions,emotion,NOUN,NNS
emotions,emotion,NOUN,NNS
emotions,emotion,NOUN,NNS
emotions,emotion,NOUN,NNS
enabling,enable,VERB,VBG
enabling,enable,VERB,VBG
encourages,encourage,VERB,VBZ
enemies,enemy,NOUN,NNS
energetic,energetic,ADJ,JJ
engage,engage,VERB,VB
engaged,engage,VERB,VBN
engagement,engagement,NOUN,NN
engagement,engagement,NOUN,NN
engagement,engagement,NOUN,NN
engagement,engagement,NOUN,NN
engagement,engagement,NOUN,NN
engagement,engagement,NOUN,NN
engagement,engagement,NOUN,NN
engagement,engagement,NOUN,NN
engaging,engaging,ADJ,JJ
engaging,engaging,ADJ,JJ
engaging,engaging,ADJ,JJ
engaging,engaging,ADJ,JJ
engaging,engaging,ADJ,JJ
enhance,enhance,VERB,VB
enhance,enhance,VERB,VB
enhance,enhance,VERB,VB
enhance,enhance,VERB,VBP
enhance,enhance,VERB,VB
enhance,enhance,VERB,VB
enhance,enhance,VERB,VBP
enhance,enhance,VERB,VBP
enhance,enhance,VERB,VBP
enhances,enhance,VERB,VBZ
enhances,enhance,VERB,VBZ
enhances,enhance,VERB,VBZ
enhances,enhance,VERB,VBZ
enhances,enhance,VERB,VBZ
enhances,enhance,VERB,VBZ
enhancing,enhance,VERB,VBG
enhancing,enhance,VERB,VBG
enhancing,enhance,VERB,VBG
enhancing,enhance,VERB,VBG
enhancing,enhance,VERB,VBG
enhancing,enhance,VERB,VBG
enhancing,enhance,VERB,VBG
enhancing,enhance,VERB,VBG
enhancing,enhance,VERB,VBG
enhancing,enhance,VERB,VBG
enjoy,enjoy,VERB,VB
enjoy,enjoy,VERB,VB
enjoyment,enjoyment,NOUN,NN
enjoyment,enjoyment,NOUN,NN
ensure,ensure,VERB,VB
ensure,ensure,VERB,VB
ensure,ensure,VERB,VB
ensure,ensure,VERB,VB
ensure,ensure,VERB,VB
ensuring,ensure,VERB,VBG
environment,environment,NOUN,NN
environment,environment,NOUN,NN
environment,environment,NOUN,NN
epic,epic,ADJ,JJ
epic,epic,ADJ,JJ
epic,epic,ADJ,JJ
equipment,equipment,NOUN,NN
essence,essence,NOUN,NN
essential,essential,ADJ,JJ
essential,essential,ADJ,JJ
even,even,ADV,RB
even,even,ADV,RB
even,even,ADV,RB
even,even,ADV,RB
event,event,NOUN,NN
events,event,NOUN,NNS
events,event,NOUN,NNS
events,event,NOUN,NNS
every,every,DET,DT
everyone,everyone,PRON,NN
evoke,evoke,VERB,VB
evoke,evoke,VERB,VB
evoke,evoke,VERB,VB
evoke,evoke,VERB,VB
evoked,evoke,VERB,VBN
evoking,evoke,VERB,VBG
evoking,evoke,VERB,VBG
evolve,evolve,VERB,VB
evolve,evolve,VERB,VB
evolved,evolve,VERB,VBN
evolving,evolve,VERB,VBG
example,example,NOUN,NN
example,example,NOUN,NN
excitement,excitement,NOUN,NN
exhilarated,exhilarate,VERB,VBN
expanded,expand,VERB,VBN
expect,expect,VERB,VB
experience,experience,NOUN,NN
experience,experience,NOUN,NN
experience,experience,NOUN,NN
experience,experience,NOUN,NN
experience,experience,NOUN,NN
experience,experience,NOUN,NN
experience,experience,NOUN,NN
experience,experience,NOUN,NN
experience,experience,NOUN,NN
experience,experience,NOUN,NN
experience,experience,NOUN,NN
experience,experience,NOUN,NN
experience,experience,NOUN,NN
experience,experience,NOUN,NN
experience,experience,NOUN,NN
experience,experience,NOUN,NN
experience,experience,NOUN,NN
experience,experience,NOUN,NN
experience,experience,NOUN,NN
experience,experience,NOUN,NN
experience,experience,NOUN,NN
experienced,experienced,ADJ,JJ
experiences,experience,NOUN,NNS
experiences,experience,NOUN,NNS
experiences,experience,NOUN,NNS
experiences,experience,NOUN,NNS
experiences,experience,NOUN,NNS
experiences,experience,NOUN,NNS
experiences,experience,NOUN,NNS
experiences,experience,NOUN,NNS
experiences,experience,NOUN,NNS
experiences,experience,NOUN,NNS
experiences,experience,NOUN,NNS
experiences,experience,NOUN,NNS
experiment,experiment,NOUN,NN
experts,expert,NOUN,NNS
explore,explore,VERB,VB
exploring,explore,VERB,VBG
extra,extra,ADJ,JJ
fact,fact,NOUN,NN
factor,factor,NOUN,NN
falling,fall,VERB,VBG
fans,fan,NOUN,NNS
favorite,favorite,ADJ,JJ
fear,fear,NOUN,NN
feedback,feedback,NOUN,NN
feedback,feedback,NOUN,NN
feel,feel,VERB,VB
feel,feel,VERB,VB
feel,feel,VERB,VB
feel,feel,VERB,VB
feet,foot,NOUN,NNS
fidelity,fidelity,NOUN,NN
field,field,NOUN,NN
fight,fight,NOUN,NN
final,final,ADJ,JJ
finish,finish,VERB,VBP
focus,focus,VERB,VB
focus,focus,NOUN,NN
focusing,focus,VERB,VBG
footsteps,footstep,NOUN,NNS
footsteps,footstep,NOUN,NNS
for,for,ADP,IN
for,for,ADP,IN
for,for,ADP,IN
for,for,ADP,IN
for,for,ADP,IN
for,for,ADP,IN
for,for,ADP,IN
for,for,ADP,IN
for,for,ADP,IN
for,for,ADP,IN
for,for,ADP,IN
for,for,ADP,IN
for,for,SCONJ,IN
for,for,ADP,IN
for,for,ADP,IN
for,for,ADP,IN
for,for,ADP,IN
for,for,ADP,IN
for,for,ADP,IN
for,for,ADP,IN
for,for,ADP,IN
for,for,ADP,IN
for,for,ADP,IN
for,for,ADP,IN
for,for,ADP,IN
for,for,ADP,IN
for,for,ADP,IN
for,for,ADP,IN
for,for,ADP,IN
for,for,ADP,IN
forest,forest,NOUN,NN
form,form,NOUN,NN
form,form,NOUN,NN
forward,forward,ADV,RB
found,find,VERB,VBD
found,find,VERB,VBD
from,from,ADP,IN
from,from,ADP,IN
from,from,ADP,IN
from,from,ADP,IN
from,from,ADP,IN
frontiers,frontier,NOUN,NNS
fulfilling,fulfil,VERB,VBG
fully,fully,ADV,RB
fully,fully,ADV,RB
fully,fully,ADV,RB
functions,function,NOUN,NNS
further,far,ADV,RB
further,far,ADV,RB
future,future,NOUN,NN
gaining,gain,VERB,VBG
game,game,NOUN,NN
game,game,NOUN,NN
game,game,NOUN,NN
game,game,NOUN,NN
game,game,NOUN,NN
game,game,NOUN,NN
game,game,NOUN,NN
game,game,NOUN,NN
game,game,NOUN,NN
game,game,NOUN,NN
game,game,NOUN,NN
game,game,NOUN,NN
game,game,NOUN,NN
game,game,NOUN,NN
game,game,NOUN,NN
game,game,NOUN,NN
game,game,NOUN,NN
game,game,NOUN,NN
game,game,NOUN,NN
game,game,NOUN,NN
game,game,NOUN,NN
game,game,NOUN,NN
game,game,NOUN,NN
game,game,NOUN,NN
game,game,NOUN,NN
game,game,NOUN,NN
game,game,NOUN,NN
game,game,NOUN,NN
game,game,NOUN,NN
game,game,NOUN,NN
game,game,NOUN,NN
game,game,NOUN,NN
game,game,NOUN,NN
game,game,NOUN,NN
game,game,NOUN,NN
game,game,NOUN,NN
game,game,NOUN,NN
game,game,NOUN,NN
game,game,NOUN,NN
game,game,NOUN,NN
game,game,NOUN,NN
game,game,NOUN,NN
game,game,NOUN,NN
game,game,NOUN,NN
game,game,NOUN,NN
game,game,NOUN,NN
game,game,NOUN,NN
game,game,NOUN,NN
game,game,NOUN,NN
game,game,NOUN,NN
game,game,NOUN,NN
game,game,NOUN,NN
game,game,NOUN,NN
gameplay,gameplay,NOUN,NN
gameplay,gameplay,NOUN,NN
gameplay,gameplay,NOUN,NN
gameplay,gameplay,NOUN,NN
gameplay,gameplay,NOUN,NN
gameplay,gameplay,NOUN,NN
gameplay,gameplay,NOUN,NN
gameplay,gameplay,NOUN,NN
gameplay,gameplay,NOUN,NN
gameplay,gameplay,NOUN,NN
gameplay,gameplay,NOUN,NN
gameplay,gameplay,NOUN,NN
gameplay,gameplay,NOUN,NN
gameplay,gameplay,NOUN,NN
gameplay,gameplay,NOUN,NN
gameplay,gameplay,NOUN,NN
gameplay,gameplay,NOUN,NN
gameplay,gameplay,NOUN,NN
games,game,NOUN,NNS
games,game,NOUN,NNS
games,game,NOUN,NNS
games,game,NOUN,NNS
games,game,NOUN,NNS
games,game,NOUN,NNS
games,game,NOUN,NNS
games,game,NOUN,NNS
games,game,NOUN,NNS
games,game,NOUN,NNS
games,game,NOUN,NNS
games,game,NOUN,NNS
games,game,NOUN,NNS
games,game,NOUN,NNS
gamesoundcon,GameSoundCon,NOUN,NNS
gaming,gaming,NOUN,NN
gaming,gaming,NOUN,NN
gaming,gaming,NOUN,NN
gaming,gaming,NOUN,NN
gaming,gaming,NOUN,NN
gaming,gaming,NOUN,NN
gaming,gaming,NOUN,NN
gaming,gaming,NOUN,NN
gaming,gaming,NOUN,NN
gaming,gaming,NOUN,NN
gaming,gaming,NOUN,NN
gaming,gaming,NOUN,NN
gaming,gaming,NOUN,NN
gaming,gaming,NOUN,NN
gaming,gaming,NOUN,NN
gaming,gaming,NOUN,NN
gaming,gaming,NOUN,NN
gaming,gaming,NOUN,NN
gaming,gaming,NOUN,NN
gaming,gaming,NOUN,NN
gaming,gaming,NOUN,NN
gaming,gaming,NOUN,NN
gaming,gaming,NOUN,NN
gaming,gaming,NOUN,NN
gather,gather,VERB,VB
gathering,gather,VERB,VBG
generate,generate,VERB,VBP
generation,generation,NOUN,NN
get,get,VERB,VB
goes,go,VERB,VBZ
goes,go,VERB,VBZ
goes,go,VERB,VBZ
gone,go,VERB,VBN
graphics,graphic,NOUN,NNS
greatly,greatly,ADV,RB
guide,guide,NOUN,NN
guide,guide,VERB,VB
guide,guide,VERB,VB
guide,guide,NOUN,NN
guiding,guide,VERB,VBG
harnessing,harness,VERB,VBG
harnessing,harness,VERB,VBG
harnessing,harness,VERB,VBG
has,have,VERB,VBZ
has,have,VERB,VBZ
has,have,AUX,VBZ
has,have,AUX,VBZ
has,have,AUX,VBZ
has,have,VERB,VBZ
has,have,VERB,VBZ
has,have,VERB,VBZ
has,have,AUX,VBZ
has,have,AUX,VBZ
has,have,AUX,VBZ
has,have,VERB,VBZ
has,have,AUX,VBZ
haunting,haunting,ADJ,JJ
haunting,haunting,ADJ,JJ
have,have,AUX,VBP
have,have,VERB,VBP
have,have,AUX,VBP
have,have,AUX,VBP
have,have,VERB,VBP
have,have,AUX,VBP
have,have,AUX,VBP
have,have,VERB,VBP
have,have,AUX,VBP
hearing,hearing,NOUN,NN
hearing,hear,VERB,VBG
heartbreaking,heartbreaking,ADJ,JJ
heavily,heavily,ADV,RB
heightened,heighten,VERB,VBN
heightening,heighten,VERB,VBG
heightening,heighten,VERB,VBG
heights,height,NOUN,NNS
heights,height,NOUN,NNS
help,help,VERB,VB
helping,help,VERB,VBG
helps,help,VERB,VBZ
helps,help,VERB,VBZ
here,here,ADV,RB
here,here,ADV,RB
here,here,ADV,RB
here,here,ADV,RB
here,here,ADV,RB
hidden,hide,VERB,VBN
high,high,ADJ,JJ
high,high,ADJ,JJ
high,high,ADJ,JJ
highlight,highlight,VERB,VBP
highlight,highlight,VERB,VBP
hints,hint,NOUN,NNS
holds,hold,VERB,VBZ
honors,honor,VERB,VBZ
horror,horror,NOUN,NN
horror,horror,NOUN,NN
how,how,SCONJ,WRB
how,how,SCONJ,WRB
however,however,ADV,RB
identify,identify,VERB,VB
immerse,immerse,ADJ,JJ
immersed,immerse,VERB,VBN
immerses,immerse,VERB,VBZ
immersing,immerse,VERB,VBG
immersion,immersion,NOUN,NN
immersion,immersion,NOUN,NN
immersion,immersion,ADJ,JJ
immersion,immersion,ADJ,JJ
immersion,immersion,NOUN,NN
immersion,immersion,NOUN,NN
immersion,immersion,NOUN,NN
immersion,immersion,ADJ,JJ
immersive,immersive,ADJ,JJ
immersive,immersive,ADJ,JJ
immersive,immersive,ADJ,JJ
immersive,immersive,ADJ,JJ
immersive,immersive,ADJ,JJ
immersive,immersive,ADJ,JJ
immersive,immersive,ADJ,JJ
immersive,immersive,ADJ,JJ
immersive,immersive,ADJ,JJ
immersive,immersive,ADJ,JJ
immersive,immersive,ADJ,JJ
immersive,immersive,ADJ,JJ
immersive,immersive,ADJ,JJ
immersive,immersive,ADJ,JJ
impact,impact,NOUN,NN
impact,impact,NOUN,NN
impact,impact,NOUN,NN
impact,impact,NOUN,NN
impact,impact,NOUN,NN
impactful,impactful,ADJ,JJ
impactful,impactful,ADJ,JJ
impactful,impactful,ADJ,JJ
impairments,impairment,NOUN,NNS
implement,implement,VERB,VB
implementation,implementation,NOUN,NN
implementing,implement,VERB,VBG
importance,importance,NOUN,NN
importance,importance,NOUN,NN
importance,importance,NOUN,NN
importance,importance,NOUN,NN
important,important,ADJ,JJ
important,important,ADJ,JJ
improve,improve,VERB,VB
improve,improve,VERB,VB
improving,improve,VERB,VBG
in,in,ADP,IN
in,in,ADP,IN
in,in,ADP,IN
in,in,ADP,IN
in,in,ADP,IN
in,in,ADP,IN
in,in,ADP,IN
in,in,ADP,IN
in,in,ADP,IN
in,in,ADP,IN
in,in,ADP,IN
in,in,ADP,IN
in,in,ADP,IN
in,in,ADP,IN
in,in,ADP,IN
in,in,ADP,IN
in,in,ADP,IN
in,in,ADP,IN
in,in,ADP,IN
in,in,ADP,IN
in,in,ADP,IN
in,in,ADP,IN
in,in,ADP,IN
in,in,ADP,IN
in,in,ADP,IN
in,in,ADP,IN
in,in,ADP,IN
in,in,ADP,IN
in,in,ADP,IN
in,in,ADP,IN
in,in,ADP,IN
in,in,ADP,IN
in,in,ADP,IN
in,in,ADP,IN
in,in,ADP,IN
in,in,ADP,IN
in,in,ADP,IN
in,in,ADP,IN
in,in,ADP,IN
in,in,ADP,IN
in,in,ADP,IN
in,in,ADP,IN
in,in,ADP,IN
in,in,ADP,IN
in,in,ADP,IN
in,in,ADP,IN
in,in,ADP,IN
in,in,ADP,IN
in,in,ADP,IN
in,in,ADP,IN
in,in,ADP,IN
in,in,ADP,IN
in,in,ADP,IN
in,in,ADP,IN
in,in,ADP,IN
in,in,ADP,IN
in,in,ADP,IN
in,in,ADP,IN
in,in,ADP,IN
in,in,ADP,IN
in,in,ADP,IN
in,in,ADP,IN
in,in,ADP,IN
include,include,VERB,VBP
includes,include,VERB,VBZ
incorporating,incorporate,VERB,VBG
incorporating,incorporate,VERB,VBG
increase,increase,VERB,VB
increase,increase,VERB,VB
increased,increase,VERB,VBN
increasing,increase,VERB,VBG
increasing,increase,VERB,VBG
increasing,increase,VERB,VBG
incredible,incredible,ADJ,JJ
incredibly,incredibly,ADV,RB
indicating,indicate,VERB,VBG
industry,industry,NOUN,NN
industry,industry,NOUN,NN
industry,industry,NOUN,NN
industry,industry,NOUN,NN
industry,industry,NOUN,NN
industry,industry,NOUN,NN
industry,industry,NOUN,NN
influence,influence,NOUN,NN
influential,influential,ADJ,JJ
information,information,NOUN,NN
information,information,NOUN,NN
information,information,NOUN,NN
innovations,innovation,NOUN,NNS
innovative,innovative,ADJ,JJ
inspiring,inspiring,ADJ,JJ
integral,integral,ADJ,JJ
integrate,integrate,VERB,VB
integrates,integrate,VERB,VBZ
integrating,integrate,VERB,VBG
integration,integration,NOUN,NN
integration,integration,NOUN,NN
integration,integration,NOUN,NN
intense,intense,ADJ,JJ
intensify,intensify,VERB,VB
intensifying,intensify,VERB,VBG
interactive,interactive,ADJ,JJ
interactive,interactive,ADJ,JJ
into,into,ADP,IN
into,into,ADP,IN
into,into,ADP,IN
into,into,ADP,IN
intricacies,intricacy,NOUN,NNS
intricate,intricate,ADJ,JJ
invest,invest,VERB,VB
invest,invest,VERB,VBP
invisible,invisible,ADJ,JJ
is,be,AUX,VBZ
is,be,AUX,VBZ
is,be,AUX,VBZ
is,be,AUX,VBZ
is,be,AUX,VBZ
is,be,AUX,VBZ
is,be,AUX,VBZ
is,be,AUX,VBZ
is,be,AUX,VBZ
is,be,AUX,VBZ
it,it,PRON,PRP
it,it,PRON,PRP
it,it,PRON,PRP
it,it,PRON,PRP
it,it,PRON,PRP
it,it,PRON,PRP
it,it,PRON,PRP
it,it,PRON,PRP
it,it,PRON,PRP
it,it,PRON,PRP
it,it,PRON,PRP
it,it,PRON,PRP
it,it,PRON,PRP
it,it,PRON,PRP
it,it,PRON,PRP
it,it,PRON,PRP
it,it,PRON,PRP
it,it,PRON,PRP
it,it,PRON,PRP
it,it,PRON,PRP
its,its,PRON,PRP$
its,its,PRON,PRP$
its,its,PRON,PRP$
its,its,PRON,PRP$
its,its,PRON,PRP$
itself,itself,PRON,PRP
journey,journey,NOUN,NN
journey,journey,NOUN,NN
journey,journey,NOUN,NN
joy,joy,NOUN,NN
just,just,ADV,RB
keep,keep,VERB,VB
keeping,keep,VERB,VBG
key,key,ADJ,JJ
key,key,ADJ,JJ
key,key,ADJ,JJ
key,key,ADJ,JJ
key,key,ADJ,JJ
key,key,ADJ,JJ
key,key,ADJ,JJ
key,key,ADJ,JJ
key,key,ADJ,JJ
key,key,ADJ,JJ
key,key,ADJ,JJ
landscape,landscape,NOUN,NN
layer,layer,NOUN,NN
layer,layer,NOUN,NN
leading,lead,VERB,VBG
leaves,leave,NOUN,NNS
leitmotifs,leitmotif,NOUN,NNS
let,let,VERB,VB
let,let,VERB,VB
let,let,VERB,VB
let,let,VERB,VB
level,level,NOUN,NN
level,level,NOUN,NN
levels,level,NOUN,NNS
levels,level,NOUN,NNS
life,life,NOUN,NN
lifelike,lifelike,ADJ,JJ
like,like,ADP,IN
like,like,SCONJ,IN
locate,locate,VERB,VB
long,long,ADV,RB
longer,long,ADJ,JJR
look,look,NOUN,NN
looking,look,VERB,VBG
low,low,ADJ,JJ
magic,magic,NOUN,NN
main,main,ADJ,JJ
make,make,VERB,VB
make,make,VERB,VB
make,make,VERB,VB
make,make,VERB,VB
make,make,VERB,VB
make,make,VERB,VB
making,make,VERB,VBG
making,make,VERB,VBG
market,market,NOUN,NN
marketsandmarkets,marketsandmarket,NOUN,NNS
may,may,AUX,MD
mechanic,mechanic,NOUN,NN
mechanics,mechanic,NOUN,NNS
mechanics,mechanic,NOUN,NNS
melodic,melodic,ADJ,JJ
melodies,melody,NOUN,NNS
melodies,melody,NOUN,NNS
melodies,melody,NOUN,NNS
melodies,melody,NOUN,NNS
melody,melody,NOUN,NN
melody,melody,NOUN,NN
memorable,memorable,ADJ,JJ
memorable,memorable,ADJ,JJ
memorable,memorable,ADJ,JJ
meticulous,meticulous,ADJ,JJ
moderate,moderate,ADJ,JJ
modern,modern,ADJ,JJ
moment,moment,NOUN,NN
moment,moment,NOUN,NN
moment,moment,NOUN,NN
moment,moment,NOUN,NN
moments,moment,NOUN,NNS
moments,moment,NOUN,NNS
moments,moment,NOUN,NNS
moments,moment,NOUN,NNS
moments,moment,NOUN,NNS
mood,mood,NOUN,NN
mood,mood,NOUN,NN
mood,mood,NOUN,NN
mood,mood,NOUN,NN
more,more,ADV,RBR
more,more,ADV,RBR
more,more,ADV,RBR
more,more,ADJ,JJR
more,more,ADJ,JJR
more,more,ADV,RBR
more,more,ADJ,JJR
more,more,ADV,RBR
more,more,ADJ,JJR
more,more,ADV,RBR
more,more,ADV,RBR
more,more,ADJ,JJR
moreover,moreover,ADV,RB
most,most,ADJ,JJS
motion,motion,NOUN,NN
music,music,NOUN,NN
music,music,NOUN,NN
music,music,NOUN,NN
music,music,NOUN,NN
music,music,NOUN,NN
music,music,NOUN,NN
music,music,NOUN,NN
music,music,NOUN,NN
music,music,NOUN,NN
music,music,NOUN,NN
music,music,NOUN,NN
music,music,NOUN,NN
music,music,NOUN,NN
music,music,NOUN,NN
music,music,NOUN,NN
music,music,NOUN,NN
music,music,NOUN,NN
music,music,NOUN,NN
music,music,NOUN,NN
music,music,NOUN,NN
music,music,NOUN,NN
music,music,NOUN,NN
music,music,NOUN,NN
music,music,NOUN,NN
music,music,NOUN,NN
music,music,NOUN,NN
music,music,NOUN,NN
music,music,NOUN,NN
music,music,NOUN,NN
music,music,NOUN,NN
music,music,NOUN,NN
music,music,NOUN,NN
music,music,NOUN,NN
music,music,NOUN,NN
music,music,NOUN,NN
music,music,NOUN,NN
music,music,NOUN,NN
music,music,NOUN,NN
music,music,NOUN,NN
music,music,NOUN,NN
musical,musical,ADJ,JJ
musicians,musician,NOUN,NNS
narrative,narrative,NOUN,NN
narrative,narrative,NOUN,NN
narrative,narrative,NOUN,NN
narrative,narrative,NOUN,NN
narrative,narrative,NOUN,NN
narrative,narrative,NOUN,NN
narrative,narrative,NOUN,NN
nature,nature,NOUN,NN
nearby,nearby,ADJ,JJ
new,new,ADJ,JJ
new,new,ADJ,JJ
new,new,ADJ,JJ
new,new,ADJ,JJ
new,new,ADJ,JJ
new,new,ADJ,JJ
new,new,ADJ,JJ
next,next,ADJ,JJ
next,next,ADJ,JJ
normal,normal,ADJ,JJ
nostalgia,nostalgia,NOUN,NN
nostalgic,nostalgic,ADJ,JJ
not,not,PART,RB
not,not,PART,RB
not,not,PART,RB
now,now,INTJ,UH
nuances,nuance,NOUN,NNS
numerous,numerous,ADJ,JJ
objects,object,NOUN,NNS
of,of,ADP,IN
of,of,ADP,IN
of,of,ADP,IN
of,of,ADP,IN
of,of,ADP,IN
of,of,ADP,IN
of,of,ADP,IN
of,of,ADP,IN
of,of,ADP,IN
of,of,ADP,IN
of,of,ADP,IN
of,of,ADP,IN
of,of,ADP,IN
of,of,ADP,IN
of,of,ADP,IN
of,of,ADP,IN
of,of,ADP,IN
of,of,ADP,IN
of,of,ADP,IN
of,of,ADP,IN
of,of,ADP,IN
of,of,ADP,IN
of,of,ADP,IN
of,of,ADP,IN
of,of,ADP,IN
of,of,ADP,IN
of,of,ADP,IN
of,of,ADP,IN
of,of,ADP,IN
of,of,ADP,IN
of,of,ADP,IN
of,of,ADP,IN
of,of,ADP,IN
of,of,ADP,IN
of,of,ADP,IN
of,of,ADP,IN
of,of,ADP,IN
of,of,ADP,IN
of,of,ADP,IN
of,of,ADP,IN
of,of,ADP,IN
of,of,ADP,IN
of,of,ADP,IN
of,of,ADP,IN
of,of,ADP,IN
of,of,ADP,IN
of,of,ADP,IN
of,of,ADP,IN
of,of,ADP,IN
of,of,ADP,IN
of,of,ADP,IN
of,of,ADP,IN
of,of,ADP,IN
of,of,ADP,IN
of,of,ADP,IN
of,of,ADP,IN
of,of,ADP,IN
of,of,ADP,IN
of,of,ADP,IN
of,of,ADP,IN
of,of,ADP,IN
of,of,ADP,IN
of,of,ADP,IN
of,of,ADP,IN
of,of,ADP,IN
of,of,ADP,IN
of,of,ADP,IN
of,of,ADP,IN
of,of,ADP,IN
of,of,ADP,IN
of,of,ADP,IN
of,of,ADP,IN
off,off,ADP,IN
often,often,ADV,RB
often,often,ADV,RB
often,often,ADV,RB
on,on,ADP,IN
on,on,ADP,IN
on,on,ADP,IN
on,on,ADP,IN
on,on,ADP,IN
on,on,ADP,IN
on,on,ADP,IN
on,on,ADP,IN
on,on,ADP,IN
on,on,ADP,IN
on,on,ADP,IN
one,one,NUM,CD
one,one,NUM,CD
ones,one,NOUN,NNS
only,only,ADV,RB
only,only,ADV,RB
only,only,ADV,RB
opportunity,opportunity,NOUN,NN
opt,opt,VERB,VB
optimize,optimize,VERB,VB
or,or,CCONJ,CC
or,or,CCONJ,CC
or,or,CCONJ,CC
or,or,CCONJ,CC
or,or,CCONJ,CC
or,or,CCONJ,CC
or,or,CCONJ,CC
or,or,CCONJ,CC
or,or,CCONJ,CC
or,or,CCONJ,CC
or,or,CCONJ,CC
or,or,CCONJ,CC
or,or,CCONJ,CC
or,or,CCONJ,CC
or,or,CCONJ,CC
or,or,CCONJ,CC
orchestral,orchestral,ADJ,JJ
orchestrate,orchestrate,VERB,VB
original,original,ADJ,JJ
our,our,PRON,PRP$
our,our,PRON,PRP$
outstanding,outstanding,ADJ,JJ
over,over,ADP,IN
overall,overall,ADJ,JJ
overall,overall,ADJ,JJ
overall,overall,ADJ,JJ
overall,overall,ADJ,JJ
overall,overall,ADJ,JJ
overall,overall,ADJ,JJ
overall,overall,ADJ,JJ
overall,overall,ADJ,JJ
overall,overall,ADJ,JJ
own,own,ADJ,JJ
packed,pack,VERB,VBN
paired,pair,VERB,VBN
part,part,NOUN,NN
part,part,NOUN,NN
part,part,NOUN,NN
partner,partner,NOUN,NN
pause,pause,VERB,VB
peaks,peak,NOUN,NNS
performance,performance,NOUN,NN
performance,performance,NOUN,NN
periods,period,NOUN,NNS
piece,piece,NOUN,NN
pivotal,pivotal,ADJ,JJ
platforms,platform,NOUN,NNS
platforms,platform,NOUN,NNS
play,play,VERB,VB
play,play,VERB,VBP
play,play,VERB,VB
player,player,NOUN,NN
player,player,NOUN,NN
player,player,NOUN,NN
player,player,NOUN,NN
player,player,NOUN,NN
player,player,NOUN,NN
player,player,NOUN,NN
player,player,NOUN,NN
player,player,NOUN,NN
player,player,NOUN,NN
player,player,NOUN,NN
player,player,NOUN,NN
player,player,NOUN,NN
player,player,NOUN,NN
player,player,NOUN,NN
player,player,NOUN,NN
player,player,NOUN,NN
player,player,NOUN,NN
player,player,NOUN,NN
player,player,NOUN,NN
player,player,NOUN,NN
player,player,NOUN,NN
players,player,NOUN,NNS
players,player,NOUN,NNS
players,player,NOUN,NNS
players,player,NOUN,NNS
players,player,NOUN,NNS
players,player,NOUN,NNS
players,player,NOUN,NNS
players,player,NOUN,NNS
players,player,NOUN,NNS
players,player,NOUN,NNS
players,player,NOUN,NNS
players,player,NOUN,NNS
players,player,NOUN,NNS
players,player,NOUN,NNS
players,player,NOUN,NNS
players,player,NOUN,NNS
players,player,NOUN,NNS
players,player,NOUN,NNS
players,player,NOUN,NNS
players,player,NOUN,NNS
players,player,NOUN,NNS
players,player,NOUN,NNS
players,player,NOUN,NNS
players,player,NOUN,NNS
players,player,NOUN,NNS
players,player,NOUN,NNS
players,player,NOUN,NNS
players,player,NOUN,NNS
players,player,NOUN,NNS
players,player,NOUN,NNS
players,player,NOUN,NNS
playing,play,VERB,VBG
plays,play,VERB,VBZ
plays,play,VERB,VBZ
plays,play,VERB,VBZ
plays,play,VERB,VBZ
plays,play,VERB,VBZ
playtesting,playtesting,NOUN,NN
pleasing,pleasing,ADJ,JJ
plot,plot,NOUN,NN
plot,plot,NOUN,NN
points,point,NOUN,NNS
points,point,NOUN,NNS
popular,popular,ADJ,JJ
possibilities,possibility,NOUN,NNS
possibilities,possibility,NOUN,NNS
possibilities,possibility,NOUN,NNS
potential,potential,NOUN,NN
power,power,NOUN,NN
power,power,NOUN,NN
power,power,NOUN,NN
power,power,NOUN,NN
power,power,NOUN,NN
power,power,NOUN,NN
power,power,NOUN,NN
powerful,powerful,ADJ,JJ
powerful,powerful,ADJ,JJ
powerful,powerful,ADJ,JJ
practical,practical,ADJ,JJ
presence,presence,NOUN,NN
present,present,VERB,VBP
procedural,procedural,ADJ,JJ
processing,processing,NOUN,NN
produce,produce,VERB,VB
professional,professional,ADJ,JJ
provide,provide,VERB,VB
provide,provide,VERB,VBP
provide,provide,VERB,VBP
provide,provide,VERB,VBP
provides,provide,NOUN,NNS
provides,provide,VERB,VBZ
providing,provide,VERB,VBG
providing,provide,VERB,VBG
purpose,purpose,NOUN,NN
push,push,VERB,VB
push,push,VERB,VB
puzzle,puzzle,NOUN,NN
quality,quality,NOUN,NN
quality,quality,NOUN,NN
quality,quality,NOUN,NN
raindrops,raindrop,NOUN,NNS
reach,reach,VERB,VB
reached,reach,VERB,VBN
reactive,reactive,ADJ,JJ
real,real,ADJ,JJ
realistic,realistic,ADJ,JJ
realistic,realistic,ADJ,JJ
realistic,realistic,ADJ,JJ
realistic,realistic,ADJ,JJ
reality,reality,NOUN,NN
reality,reality,NOUN,NN
reality,reality,NOUN,NN
reality,reality,NOUN,NN
reality,reality,NOUN,NN
reality,reality,NOUN,NN
reasons,reason,NOUN,NNS
receive,receive,VERB,VBP
received,receive,VERB,VBN
recent,recent,ADJ,JJ
recent,recent,ADJ,JJ
recognition,recognition,NOUN,NN
recognition,recognition,NOUN,NN
recognizable,recognizable,ADJ,JJ
recognize,recognize,VERB,VB
recognized,recognize,VERB,VBN
recognized,recognize,VERB,VBN
recognized,recognize,VERB,VBN
recognizing,recognize,VERB,VBG
recording,recording,NOUN,NN
recording,recording,NOUN,NN
recurring,recur,VERB,VBG
refers,refer,VERB,VBZ
refine,refine,VERB,VB
regularly,regularly,ADV,RB
reinforce,reinforce,VERB,VBP
reinforce,reinforce,VERB,VB
reinforcing,reinforce,VERB,VBG
rely,rely,VERB,VBP
rely,rely,VERB,VB
remember,remember,VERB,VBP
remember,remember,VERB,VB
renowned,renowned,ADJ,JJ
report,report,NOUN,NN
research,research,NOUN,NN
researchers,researcher,NOUN,NNS
respond,respond,VERB,VBP
respond,respond,VERB,VBP
respond,respond,VERB,VBP
responding,respond,VERB,VBG
responses,response,NOUN,NNS
responsibilities,responsibility,NOUN,NNS
responsible,responsible,ADJ,JJ
result,result,NOUN,NN
revolutionizing,revolutionize,VERB,VBG
rewards,reward,NOUN,NNS
rewards,reward,NOUN,NNS
right,right,ADJ,JJ
right,right,ADJ,JJ
right,right,ADJ,JJ
right,right,ADJ,JJ
right,right,ADJ,JJ
role,role,NOUN,NN
role,role,NOUN,NN
role,role,NOUN,NN
role,role,NOUN,NN
role,role,NOUN,NN
role,role,NOUN,NN
role,role,NOUN,NN
role,role,NOUN,NN
role,role,NOUN,NN
role,role,NOUN,NN
rustling,rustle,VERB,VBG
sadness,sadness,NOUN,NN
satisfaction,satisfaction,NOUN,NN
scenarios,scenario,NOUN,NNS
scenes,scene,NOUN,NNS
score,score,NOUN,NN
score,score,NOUN,NN
seamless,seamless,ADJ,JJ
seamlessly,seamlessly,ADV,RB
seamlessly,seamlessly,ADV,RB
secrets,secret,NOUN,NNS
see,see,VERB,VB
sense,sense,NOUN,NN
sense,sense,NOUN,NN
sense,sense,NOUN,NN
sense,sense,NOUN,NN
sense,sense,NOUN,NN
senses,sense,NOUN,NNS
senses,sense,NOUN,NNS
sequences,sequence,NOUN,NNS
sequences,sequence,NOUN,NNS
serene,serene,ADJ,JJ
serve,serve,VERB,VB
serves,serve,VERB,VBZ
sessions,session,NOUN,NNS
set,set,VERB,VBD
set,set,VERB,VB
set,set,VERB,VBD
set,set,VERB,VBN
set,set,VERB,VBN
sets,set,VERB,VBZ
setting,set,VERB,VBG
setting,set,VERB,VBG
setting,set,VERB,VBG
setting,set,VERB,VBG
setting,set,VERB,VBG
shape,shape,NOUN,NN
should,should,AUX,MD
shown,show,VERB,VBN
shown,show,VERB,VBN
shown,show,VERB,VBN
signaling,signal,VERB,VBG
significance,significance,NOUN,NN
significance,significance,NOUN,NN
significance,significance,NOUN,NN
significantly,significantly,ADV,RB
significantly,significantly,ADV,RB
significantly,significantly,ADV,RB
similar,similar,ADJ,JJ
since,since,SCONJ,IN
so,so,ADV,RB
so,so,ADV,RB
solely,solely,ADV,RB
solving,solving,NOUN,NN
some,some,DET,DT
some,some,DET,DT
some,some,DET,DT
some,some,DET,DT
some,some,DET,DT
sonic,sonic,ADJ,JJ
sound,sound,NOUN,NN
sound,sound,ADJ,JJ
sound,sound,NOUN,NN
sound,sound,ADJ,JJ
sound,sound,NOUN,NN
sound,sound,NOUN,NN
sound,sound,NOUN,NN
sound,sound,ADJ,JJ
sound,sound,ADJ,JJ
sound,sound,ADJ,JJ
sound,sound,ADJ,JJ
sound,sound,NOUN,NN
sound,sound,NOUN,NN
sound,sound,ADJ,JJ
sound,sound,ADJ,JJ
sound,sound,NOUN,NN
sound,sound,ADJ,JJ
sound,sound,ADJ,JJ
sound,sound,NOUN,NN
sound,sound,NOUN,NN
sound,sound,NOUN,NN
sound,sound,ADJ,JJ
sound,sound,ADJ,JJ
sound,sound,NOUN,NN
sound,sound,NOUN,NN
sound,sound,NOUN,NN
sound,sound,NOUN,NN
sound,sound,ADJ,JJ
sound,sound,ADJ,JJ
sound,sound,ADJ,JJ
sound,sound,ADJ,JJ
sound,sound,NOUN,NN
sound,sound,ADJ,JJ
sound,sound,ADJ,JJ
sound,sound,ADJ,JJ
sound,sound,ADJ,JJ
sound,sound,NOUN,NN
sound,sound,NOUN,NN
sound,sound,NOUN,NN
sound,sound,ADJ,JJ
sound,sound,ADJ,JJ
sound,sound,NOUN,NN
sound,sound,NOUN,NN
sound,sound,ADJ,JJ
sound,sound,ADJ,JJ
sound,sound,ADJ,JJ
sound,sound,ADJ,JJ
sound,sound,NOUN,NN
sound,sound,ADJ,JJ
sound,sound,NOUN,NN
sound,sound,ADJ,JJ
sound,sound,ADJ,JJ
sound,sound,NOUN,NN
sound,sound,ADJ,JJ
sound,sound,ADJ,JJ
sound,sound,NOUN,NN
sound,sound,ADJ,JJ
sounds,sound,NOUN,NNS
sounds,sound,VERB,VBZ
sounds,sound,VERB,VBZ
sounds,sound,NOUN,NNS
sounds,sound,NOUN,NNS
sounds,sound,VERB,VBZ
sounds,sound,VERB,VBZ
soundscape,soundscape,NOUN,NN
soundscape,soundscape,NOUN,NN
soundscape,soundscape,NOUN,NN
soundscape,soundscape,NOUN,NN
soundscapes,soundscape,NOUN,NNS
soundtrack,soundtrack,NOUN,NN
soundtrack,soundtrack,NOUN,NN
soundtrack,soundtrack,NOUN,NN
soundtrack,soundtrack,NOUN,NN
soundtrack,soundtrack,NOUN,NN
soundtracks,soundtrack,NOUN,NNS
soundtracks,soundtrack,NOUN,NNS
soundtracks,soundtrack,NOUN,NNS
soundtracks,soundtrack,NOUN,NNS
soundtracks,soundtrack,NOUN,NNS
soundtracks,soundtrack,NOUN,NNS
soundtracks,soundtrack,NOUN,NNS
soundtracks,soundtrack,NOUN,NNS
soundtracks,soundtrack,NOUN,NNS
soundtracks,soundtrack,NOUN,NNS
soundtracks,soundtrack,NOUN,NNS
soundtracks,soundtrack,NOUN,NNS
soundtracks,soundtrack,NOUN,NNS
soundtracks,soundtrack,NOUN,NNS
soundtracks,soundtrack,NOUN,NNS
soundtracks,soundtrack,NOUN,NNS
soundtracks,soundtrack,NOUN,NNS
soundtracks,soundtrack,NOUN,NNS
sources,source,NOUN,NNS
specific,specific,ADJ,JJ
specific,specific,ADJ,JJ
specific,specific,ADJ,JJ
specifically,specifically,ADV,RB
spotlight,spotlight,NOUN,NN
stated,state,VERB,VBD
statistics,statistic,NOUN,NNS
statistics,statistic,NOUN,NNS
stay,stay,VERB,VBP
steal,steal,VERB,VBP
stimulation,stimulation,NOUN,NN
stimulation,stimulation,NOUN,NN
stir,stir,VERB,VB
story,story,NOUN,NN
story,story,NOUN,NN
storytelling,storytelling,NOUN,NN
storytelling,storytelling,NOUN,NN
storytelling,storytelling,NOUN,NN
storytelling,storytelling,NOUN,NN
storytelling,storytelle,VERB,VBG
strategically,strategically,ADV,RB
streaming,stream,VERB,VBG
strive,strive,VERB,VB
studies,study,NOUN,NNS
studies,study,NOUN,NNS
studies,study,NOUN,NNS
study,study,NOUN,NN
study,study,NOUN,NN
stunning,stunning,ADJ,JJ
stunning,stunning,ADJ,JJ
subtitles,subtitle,NOUN,NNS
such,such,ADJ,JJ
such,such,ADJ,JJ
survey,survey,NOUN,NN
suspense,suspense,NOUN,NN
suspenseful,suspenseful,ADJ,JJ
suspenseful,suspenseful,ADJ,JJ
sweep,sweep,VERB,VBP
sweeping,sweeping,ADJ,JJ
symphony,symphony,NOUN,NN
symphony,symphony,NOUN,NN
synchronization,synchronization,NOUN,NN
systems,system,NOUN,NNS
systems,system,NOUN,NNS
systems,system,NOUN,NNS
tailored,tailor,VERB,VBN
take,take,VERB,VB
take,take,VERB,VB
take,take,VERB,VB
takeaways,takeaway,NOUN,NNS
takeaways,takeaway,NOUN,NNS
takeaways,takeaway,NOUN,NNS
takeaways,takeaway,NOUN,NNS
takeaways,takeaway,NOUN,NNS
takeaways,takeaway,NOUN,NNS
talented,talented,ADJ,JJ
tasks,task,NOUN,NNS
team,team,NOUN,NN
technologies,technology,NOUN,NNS
technologies,technology,NOUN,NNS
technology,technology,NOUN,NN
technology,technology,NOUN,NN
technology,technology,NOUN,NN
technology,technology,NOUN,NN
technology,technology,NOUN,NN
tells,tell,VERB,VBZ
tempo,tempo,NOUN,NN
tense,tense,ADJ,JJ
terrains,terrain,NOUN,NNS
test,test,NOUN,NN
that,that,PRON,WDT
that,that,PRON,WDT
that,that,PRON,WDT
that,that,PRON,WDT
that,that,PRON,WDT
that,that,PRON,WDT
that,that,PRON,WDT
that,that,PRON,WDT
that,that,DET,DT
that,that,PRON,WDT
that,that,DET,DT
that,that,PRON,WDT
that,that,SCONJ,IN
that,that,SCONJ,IN
that,that,PRON,WDT
that,that,PRON,WDT
that,that,SCONJ,IN
that,that,PRON,WDT
that,that,PRON,WDT
that,that,SCONJ,IN
that,that,SCONJ,IN
that,that,SCONJ,IN
that,that,PRON,WDT
that,that,SCONJ,IN
that,that,PRON,WDT
that,that,PRON,WDT
that,that,PRON,WDT
that,that,PRON,WDT
that,that,PRON,WDT
that,that,PRON,WDT
that,that,PRON,WDT
the,the,DET,DT
the,the,DET,DT
the,the,DET,DT
the,the,DET,DT
the,the,DET,DT
the,the,DET,DT
the,the,DET,DT
the,the,DET,DT
the,the,DET,DT
the,the,DET,DT
the,the,DET,DT
the,the,DET,DT
the,the,DET,DT
the,the,DET,DT
the,the,DET,DT
the,the,DET,DT
the,the,DET,DT
the,the,DET,DT
the,the,DET,DT
the,the,DET,DT
the,the,DET,DT
the,the,DET,DT
the,the,DET,DT
the,the,DET,DT
the,the,DET,DT
the,the,DET,DT
the,the,DET,DT
the,the,DET,DT
the,the,DET,DT
the,the,DET,DT
the,the,DET,DT
the,the,DET,DT
the,the,DET,DT
the,the,DET,DT
the,the,DET,DT
the,the,DET,DT
the,the,DET,DT
the,the,DET,DT
the,the,DET,DT
the,the,DET,DT
the,the,DET,DT
the,the,DET,DT
the,the,DET,DT
the,the,DET,DT
the,the,DET,DT
the,the,DET,DT
the,the,DET,DT
the,the,DET,DT
the,the,DET,DT
the,the,DET,DT
the,the,DET,DT
the,the,DET,DT
the,the,DET,DT
the,the,DET,DT
the,the,DET,DT
the,the,DET,DT
the,the,DET,DT
the,the,DET,DT
the,the,DET,DT
the,the,DET,DT
the,the,DET,DT
the,the,DET,DT
the,the,DET,DT
the,the,DET,DT
the,the,DET,DT
the,the,DET,DT
the,the,DET,DT
the,the,DET,DT
the,the,DET,DT
the,the,DET,DT
the,the,DET,DT
the,the,DET,DT
the,the,DET,DT
the,the,DET,DT
the,the,DET,DT
the,the,DET,DT
the,the,DET,DT
the,the,DET,DT
the,the,DET,DT
the,the,DET,DT
the,the,DET,DT
the,the,DET,DT
the,the,DET,DT
the,the,DET,DT
the,the,DET,DT
the,the,DET,DT
the,the,DET,DT
the,the,DET,DT
the,the,DET,DT
the,the,DET,DT
the,the,DET,DT
the,the,DET,DT
the,the,DET,DT
the,the,DET,DT
the,the,DET,DT
the,the,DET,DT
the,the,DET,DT
the,the,DET,DT
the,the,DET,DT
the,the,DET,DT
the,the,DET,DT
the,the,DET,DT
the,the,DET,DT
the,the,DET,DT
the,the,DET,DT
the,the,DET,DT
the,the,DET,DT
the,the,DET,DT
the,the,DET,DT
the,the,DET,DT
the,the,DET,DT
the,the,DET,DT
the,the,DET,DT
the,the,DET,DT
the,the,DET,DT
the,the,DET,DT
the,the,DET,DT
the,the,DET,DT
the,the,DET,DT
the,the,DET,DT
the,the,DET,DT
the,the,DET,DT
the,the,DET,DT
the,the,DET,DT
the,the,DET,DT
the,the,DET,DT
the,the,DET,DT
the,the,DET,DT
the,the,DET,DT
the,the,DET,DT
the,the,DET,DT
the,the,DET,DT
the,the,DET,DT
the,the,DET,DT
the,the,DET,DT
the,the,DET,DT
the,the,DET,DT
the,the,DET,DT
the,the,DET,DT
the,the,DET,DT
the,the,DET,DT
the,the,DET,DT
the,the,DET,DT
the,the,DET,DT
the,the,DET,DT
the,the,DET,DT
the,the,DET,DT
the,the,DET,DT
the,the,DET,DT
the,the,DET,DT
the,the,DET,DT
the,the,DET,DT
the,the,DET,DT
the,the,DET,DT
the,the,DET,DT
the,the,DET,DT
the,the,DET,DT
the,the,DET,DT
the,the,DET,DT
the,the,DET,DT
the,the,DET,DT
the,the,DET,DT
the,the,DET,DT
the,the,DET,DT
their,their,PRON,PRP$
their,their,PRON,PRP$
their,their,PRON,PRP$
their,their,PRON,PRP$
their,their,PRON,PRP$
their,their,PRON,PRP$
their,their,PRON,PRP$
their,their,PRON,PRP$
them,they,PRON,PRP
them,they,PRON,PRP
them,they,PRON,PRP
them,they,PRON,PRP
them,they,PRON,PRP
themes,theme,NOUN,NNS
themselves,themselves,PRON,PRP
these,these,DET,DT
these,these,DET,DT
these,these,DET,DT
they,they,PRON,PRP
they,they,PRON,PRP
they,they,PRON,PRP
they,they,PRON,PRP
this,this,DET,DT
those,those,DET,DT
those,those,PRON,DT
through,through,ADP,IN
through,through,ADP,IN
through,through,ADP,IN
through,through,ADP,IN
through,through,ADP,IN
through,through,ADP,IN
through,through,ADP,IN
through,through,ADP,IN
throughout,throughout,ADP,IN
time,time,NOUN,NN
time,time,NOUN,NN
time,time,NOUN,NN
time,time,NOUN,NN
timed,time,VERB,VBN
times,time,NOUN,NNS
tips,tip,NOUN,NNS
tips,tip,NOUN,NNS
to,to,ADP,IN
to,to,ADP,IN
to,to,PART,TO
to,to,ADP,IN
to,to,PART,TO
to,to,ADP,IN
to,to,ADP,IN
to,to,PART,TO
to,to,ADP,IN
to,to,PART,TO
to,to,PART,TO
to,to,PART,TO
to,to,PART,TO
to,to,PART,TO
to,to,ADP,IN
to,to,PART,TO
to,to,ADP,IN
to,to,ADP,IN
to,to,PART,TO
to,to,ADP,IN
to,to,ADP,IN
to,to,ADP,IN
to,to,PART,TO
to,to,PART,TO
to,to,ADP,IN
to,to,PART,TO
to,to,ADP,IN
to,to,PART,TO
to,to,ADP,IN
to,to,PART,TO
to,to,PART,TO
to,to,ADP,IN
to,to,ADP,IN
to,to,PART,TO
to,to,ADP,IN
to,to,PART,TO
to,to,ADP,IN
to,to,ADP,IN
to,to,PART,TO
to,to,PART,TO
to,to,PART,TO
to,to,ADP,IN
to,to,PART,TO
to,to,PART,TO
to,to,PART,TO
to,to,ADP,IN
to,to,ADP,IN
to,to,PART,TO
to,to,PART,TO
to,to,PART,TO
to,to,PART,TO
to,to,PART,TO
to,to,PART,TO
to,to,PART,TO
to,to,ADP,IN
to,to,PART,TO
to,to,PART,TO
to,to,PART,TO
to,to,ADP,IN
to,to,PART,TO
to,to,ADP,IN
to,to,PART,TO
to,to,PART,TO
to,to,ADP,IN
to,to,ADP,IN
to,to,PART,TO
to,to,PART,TO
to,to,PART,TO
to,to,PART,TO
to,to,PART,TO
to,to,PART,TO
to,to,ADP,IN
to,to,ADP,IN
to,to,ADP,IN
to,to,PART,TO
to,to,ADP,IN
to,to,PART,TO
to,to,PART,TO
to,to,ADP,IN
together,together,ADV,RB
tone,tone,NOUN,NN
tone,tone,NOUN,NN
tone,tone,NOUN,NN
tool,tool,NOUN,NN
tool,tool,NOUN,NN
transcend,transcend,VERB,VBP
transport,transport,VERB,VB
transport,transport,VERB,VB
trends,trend,NOUN,NNS
trigger,trigger,VERB,VB
triumphant,triumphant,ADJ,JJ
true,true,ADJ,JJ
truly,truly,ADV,RB
truly,truly,ADV,RB
tunes,tune,NOUN,NNS
uncover,uncover,VERB,VB
underestimated,underestimate,VERB,VBN
underestimated,underestimate,VERB,VBN
understand,understand,VERB,VBP
understand,understand,VERB,VBP
understand,understand,VERB,VBP
undoubtedly,undoubtedly,ADV,RB
unforgettable,unforgettable,ADJ,JJ
unforgettable,unforgettable,ADJ,JJ
unforgettable,unforgettable,ADJ,JJ
unforgettable,unforgettable,ADJ,JJ
unique,unique,ADJ,JJ
unique,unique,ADJ,JJ
universe,universe,NOUN,NN
unleashing,unleash,VERB,VBG
unlock,unlock,VERB,VB
unnoticed,unnoticed,ADJ,JJ
unnoticed,unnoticed,ADJ,JJ
unparalleled,unparalleled,ADJ,JJ
unprecedented,unprecedented,ADJ,JJ
up,up,NOUN,NN
upbeat,upbeat,ADJ,JJ
us,we,PRON,PRP
us,we,PRON,PRP
used,use,VERB,VBN
usually,usually,ADV,RB
utilized,utilize,VERB,VBN
valuable,valuable,ADJ,JJ
various,various,ADJ,JJ
various,various,ADJ,JJ
various,various,ADJ,JJ
vast,vast,ADJ,JJ
vast,vast,ADJ,JJ
very,very,ADV,RB
video,video,NOUN,NN
video,video,NOUN,NN
video,video,NOUN,NN
video,video,NOUN,NN
video,video,NOUN,NN
video,video,NOUN,NN
video,video,NOUN,NN
video,video,NOUN,NN
video,video,NOUN,NN
video,video,NOUN,NN
video,video,NOUN,NN
video,video,NOUN,NN
video,video,NOUN,NN
video,video,NOUN,NN
video,video,NOUN,NN
video,video,NOUN,NN
video,video,NOUN,NN
video,video,NOUN,NN
video,video,NOUN,NN
video,video,NOUN,NN
video,video,NOUN,NN
video,video,NOUN,NN
virtual,virtual,ADJ,JJ
virtual,virtual,ADJ,JJ
virtual,virtual,ADJ,JJ
virtual,virtual,ADJ,JJ
virtual,virtual,ADJ,JJ
virtual,virtual,ADJ,JJ
virtual,virtual,ADJ,JJ
virtual,virtual,ADJ,JJ
virtual,virtual,ADJ,JJ
virtual,virtual,ADJ,JJ
vision,vision,NOUN,NN
visual,visual,ADJ,JJ
visual,visual,ADJ,JJ
visual,visual,ADJ,JJ
visual,visual,ADJ,JJ
visuals,visual,NOUN,NNS
visuals,visual,NOUN,NNS
visuals,visual,NOUN,NNS
vital,vital,ADJ,JJ
vital,vital,ADJ,JJ
voice,voice,NOUN,NN
voice,voice,NOUN,NN
want,want,VERB,VBP
way,way,NOUN,NN
ways,way,NOUN,NNS
we,we,PRON,PRP
we,we,PRON,PRP
we,we,PRON,PRP
we,we,PRON,PRP
we,we,PRON,PRP
weapon,weapon,NOUN,NN
well,well,ADV,RB
well,well,ADV,RB
when,when,SCONJ,WRB
when,when,SCONJ,WRB
where,where,SCONJ,WRB
whether,whether,SCONJ,IN
whether,whether,SCONJ,IN
whether,whether,SCONJ,IN
whether,whether,SCONJ,IN
whether,whether,SCONJ,IN
which,which,PRON,WDT
while,while,SCONJ,IN
who,who,PRON,WP
who,who,PRON,WP
why,why,SCONJ,WRB
why,why,SCONJ,WRB
why,why,SCONJ,WRB
will,will,AUX,MD
will,will,AUX,MD
will,will,AUX,MD
will,will,AUX,MD
will,will,AUX,MD
will,will,AUX,MD
will,will,AUX,MD
will,will,AUX,MD
will,will,AUX,MD
with,with,ADP,IN
with,with,ADP,IN
with,with,ADP,IN
with,with,ADP,IN
with,with,ADP,IN
with,with,ADP,IN
with,with,ADP,IN
with,with,ADP,IN
with,with,ADP,IN
with,with,ADP,IN
with,with,ADP,IN
with,with,ADP,IN
with,with,ADP,IN
with,with,ADP,IN
with,with,ADP,IN
with,with,ADP,IN
with,with,ADP,IN
with,with,ADP,IN
with,with,ADP,IN
with,with,ADP,IN
with,with,SCONJ,IN
with,with,ADP,IN
with,with,ADP,IN
with,with,ADP,IN
with,with,ADP,IN
with,with,ADP,IN
with,with,ADP,IN
with,with,ADP,IN
with,with,ADP,IN
with,with,ADP,IN
with,with,ADP,IN
won,win,VERB,VBD
work,work,VERB,VBP
work,work,NOUN,NN
work,work,VERB,VBP
work,work,VERB,VB
world,world,NOUN,NN
world,world,NOUN,NN
world,world,NOUN,NN
world,world,NOUN,NN
world,world,NOUN,NN
world,world,NOUN,NN
world,world,NOUN,NN
world,world,NOUN,NN
world,world,NOUN,NN
worlds,world,NOUN,NNS
worlds,world,NOUN,NNS
worldwide,worldwide,ADV,RB
years,year,NOUN,NNS
years,year,NOUN,NNS
years,year,NOUN,NNS
you,you,PRON,PRP
you,you,PRON,PRP
you,you,PRON,PRP
you,you,PRON,PRP
you,you,PRON,PRP
you,you,PRON,PRP
your,your,PRON,PRP$
your,your,PRON,PRP$
your,your,PRON,PRP$
your,your,PRON,PRP$
your,your,PRON,PRP$
